ID_P,ID_T
458,3486
389,1270
422,8618
1432,8436
889,1312
1871,2892
1093,3864
1276,3021
1343,3554
1678,3365
1484,6567
1907,888
608,2882
237,3833
694,294
1433,576
1791,6660
714,6884
1996,2945
803,3333
1361,7022
1565,3444
1518,967
607,111
1903,222
1808,4904
425,8476
1231,2630
1101,1480
1213,4309
1838,4236
328,1894
1849,4970
1605,675
698,75
1352,8666
262,139
1517,2639
701,6236
636,2481
1411,8602
765,4023
880,6715
1358,2274
942,3818
1861,5373
1190,639
1321,2278
1136,4418
1751,4240
744,294
1648,558
1669,7850
272,178
19,7450
923,8933
1411,7116
1888,2881
92,1948
1041,7878
1092,6690
169,7062
1174,440
62,8120
1408,6510
1473,5738
1472,6263
895,5537
838,5876
1594,1180
793,3491
1558,7378
1051,4054
756,2901
441,7649
742,8640
882,4009
1047,4567
306,2181
1882,7083
329,5126
1734,2327
138,7947
104,4912
1202,6475
1074,6958
1455,997
1280,4828
56,530
1687,2688
1120,6551
1259,4476
781,2673
800,263
314,3641
1259,1883
1501,6528
729,6679
1245,5010
1983,940
566,6367
828,2480
1402,6218
810,2950
1469,322
1231,2745
1718,3363
1707,1854
905,5146
1342,3573
343,333
1715,6227
1679,8992
33,5926
1094,5269
1314,7707
453,1144
1026,5536
1718,1492
22,5853
1159,7397
1064,6194
1941,1378
1000,8093
1983,2407
665,6973
1468,4901
1575,6713
17,6394
1900,6205
1201,7661
525,8924
550,8344
1464,8945
1250,1140
148,1910
337,7627
1102,1210
778,1219
511,8280
655,5649
1131,5216
1114,8743
240,1178
876,8832
1399,7794
1764,2364
426,5359
482,4828
323,2541
249,1624
852,3169
743,2940
741,6897
586,4458
401,7243
430,5779
1557,5366
1172,8628
14,3205
1768,7674
356,8964
81,2779
1763,7270
1371,3347
1626,1670
1950,7974
866,5445
1064,3684
850,5321
1574,5538
1369,5519
1123,5663
940,181
1007,2080
1025,724
529,506
1545,3690
1130,860
1945,817
896,3042
108,4271
571,2848
1979,53
1029,6323
1393,1411
425,3741
1032,4594
126,4503
1041,3974
1990,1831
271,2481
769,791
629,3752
1838,8974
699,4948
130,6322
1210,7003
1501,2322
553,8246
1663,367
1535,8081
378,7334
1913,1032
1481,5720
1183,7830
436,8128
1681,2533
24,4511
411,1837
750,3050
475,1044
1173,2783
1593,2963
341,7423
487,235
1803,145
1164,7118
1161,4909
624,8388
362,906
1173,7895
1063,6891
906,5291
1796,338
433,2821
1214,4115
1811,6393
247,1611
508,7444
472,3320
1326,7215
815,5822
70,3170
1896,5295
1901,8042
822,2868
1153,890
1241,883
1816,8217
596,3908
1368,2114
1914,1262
1602,3245
449,3432
1967,4040
31,2876
1916,3871
1901,5590
198,4333
514,250
1555,7319
1519,7763
223,7202
700,3393
1173,6412
1033,1079
1725,7278
1161,6246
1812,2549
1283,7455
1809,6785
2,2415
1175,2870
1178,2172
681,5085
290,8826
775,7943
1811,8002
1378,5074
1465,1351
330,2694
58,7602
1735,7239
463,5578
771,8727
381,8270
371,8996
325,7492
1786,3368
1838,3873
1054,5186
1121,5858
368,8967
191,8386
647,7705
1327,997
1298,8352
514,211
1037,7311
1974,4541
833,8581
237,4115
278,4213
497,1258
213,4862
701,4161
1051,5904
1075,6983
1314,6024
1605,7116
438,2594
1076,2418
1890,4544
728,4236
455,1824
1794,4359
371,76
1050,3136
75,7065
567,8382
1043,8385
1417,7286
625,6984
1049,5171
974,8422
1435,840
1408,7121
836,2118
58,873
605,6994
665,4012
1762,4328
1900,4970
1367,7092
47,3120
271,5195
90,8958
1296,4668
420,3168
130,8074
1817,5747
427,3599
297,8164
1748,5782
1801,3342
1964,6138
1817,1225
877,8065
256,3289
1784,6818
1529,8381
573,29
1023,4897
84,488
41,1387
919,1724
610,6202
1960,1430
1798,3300
1909,2588
836,8822
764,7612
259,130
1662,4473
264,4268
1853,6671
475,1901
1076,7784
811,7756
1541,6470
751,7144
1732,4297
670,4549
1989,7328
329,8848
1083,4212
290,7371
1259,2866
499,7335
95,7235
1240,1453
1984,7532
1933,5882
25,7097
1276,1610
1386,4153
847,3153
157,5646
1232,7994
417,2362
1169,6151
1947,3371
310,2570
602,2908
710,6201
1089,2921
347,8205
1516,6942
650,5913
1062,411
1796,503
1829,5965
953,1908
1206,3181
1529,6130
1820,1486
775,631
1628,6517
251,8982
1457,2408
647,8411
211,5508
1207,7987
807,5671
1171,8462
792,1928
1755,2925
1481,5218
809,415
1254,7172
478,7855
1976,6207
1550,7003
96,6216
884,5724
624,3960
169,7244
937,379
1199,5798
163,5046
511,5280
227,8091
1977,6817
728,7470
1904,4023
1591,2190
1223,329
1408,153
415,362
263,2288
708,689
1640,1547
1972,42
1829,6214
1831,7896
1570,1734
864,6534
12,4903
274,8738
1788,1022
1206,8558
1338,2222
749,7466
1929,8551
337,6388
568,8156
1399,7382
57,2907
748,7372
822,462
724,5070
1177,2683
189,1881
220,8819
360,1198
1170,2335
1183,1945
1063,7845
1102,2645
850,6844
1926,7489
648,3
556,6750
1545,2751
1690,136
410,4583
716,4892
1549,3355
1898,2635
513,5001
848,3631
1718,3337
1554,8845
885,5736
388,2028
148,5151
716,5607
343,6369
1851,5304
1994,8611
1604,3816
1112,158
42,572
1858,2931
1365,6517
1117,190
391,7713
910,152
1717,739
686,2021
1734,5145
1860,2907
879,2443
985,492
1632,7178
1105,5144
390,5355
720,2525
964,6486
494,8559
551,8064
66,1974
816,4566
1770,7430
957,6472
1927,6315
1268,4425
827,1795
822,6116
1991,1620
1541,6010
1474,1071
1201,4899
1662,1629
1020,4025
17,3251
8,4609
117,1382
79,3926
645,4194
182,7136
1545,431
843,5576
1882,5873
1737,3560
782,5284
260,4822
312,644
411,5087
821,7478
1166,8954
733,6481
1809,1473
737,6735
338,3547
1814,2934
404,7813
1120,2855
431,7441
1630,7330
1687,8205
725,5133
1967,5196
1700,5545
1934,4714
1554,6335
802,6833
1652,7281
1296,3571
1646,3819
1530,5629
265,5913
1663,6326
1184,5830
1451,7211
1859,2066
1995,5559
736,6116
472,6384
688,1045
126,6361
771,695
296,7990
970,8310
880,7941
1681,7010
1415,6324
1037,897
1244,393
333,5557
1094,3604
1335,5157
1779,951
1997,8792
1434,4587
1872,3212
1977,4987
825,1226
775,6758
675,8514
587,3481
668,1091
977,1662
82,8510
696,6764
1976,1494
1845,8331
437,1866
76,2299
822,3720
1742,4006
1965,2105
31,1441
1810,5244
644,7748
1280,86
81,1329
1507,8330
412,7415
513,5974
1367,2445
769,3751
486,8640
508,8112
457,3881
1006,2476
256,5123
47,4423
1761,6033
920,2543
1963,8830
1120,5078
1425,7785
136,6038
688,405
645,4726
459,5761
1163,3418
1978,4325
663,5924
588,1908
232,8849
452,8385
411,2826
108,7180
574,130
1081,5175
442,4650
102,3487
1602,220
1155,5089
1002,625
560,8293
675,1437
547,598
1266,8973
1414,6759
849,5952
1101,7551
789,4580
1449,8471
1929,8737
1804,1404
175,5530
1682,1115
395,2043
1759,7824
1341,5319
1796,3345
647,425
1366,2006
1167,3192
365,5114
737,8852
1213,8176
1625,3412
281,4738
1356,3108
902,7481
1167,2119
1383,7007
1224,6200
455,6228
313,5354
1187,8369
1833,4624
977,4708
1299,1253
289,7033
95,5585
962,4739
1669,3882
1672,7274
1326,4352
1370,8962
844,2235
1294,2953
528,6616
524,4814
1987,5466
374,8195
513,588
319,494
1403,2857
137,761
628,6522
172,6238
1290,7627
841,923
638,2734
1139,5878
856,2299
49,5865
235,3084
1412,7706
34,627
1433,189
1487,3274
347,3460
1686,2725
399,8330
579,6616
785,4993
1505,409
1595,3564
1062,6342
564,466
705,4106
152,8823
1813,2068
1312,2504
811,360
1749,8858
1009,820
1488,5522
1898,8973
1901,7660
559,7856
1656,610
1772,4636
767,5375
984,8435
324,7982
379,1690
396,6879
1462,6116
1818,1616
871,4148
1141,3126
1551,2805
1784,2281
757,7373
45,5137
393,6048
994,1229
1122,4876
137,3869
1174,3388
1756,2416
940,3634
1921,7320
99,343
949,2200
862,7573
1786,4011
793,1027
1701,3506
496,6619
1715,8883
1155,7097
1398,8139
573,8101
518,258
303,7851
1323,6785
1533,7709
1159,8489
1703,6442
976,1121
724,3100
694,1648
668,8406
969,5477
1942,2685
1913,974
1647,8653
338,1606
1376,4285
904,485
1723,2518
1440,5570
528,4368
100,5401
794,7922
639,4592
1778,1144
545,7032
1584,8978
1449,6090
421,5348
977,1649
1528,6229
1560,103
1776,5303
1617,2697
896,7755
1185,246
1930,2491
1155,8597
1370,5188
1799,35
375,3902
1285,3492
1391,3007
681,8444
1459,7684
1544,7671
872,5960
1688,1280
1345,6809
448,4786
1486,2518
76,6592
563,8913
129,3034
1909,1913
556,2189
1174,53
906,3017
479,943
1471,7354
1220,3500
157,1483
1953,1928
572,8281
1262,5067
492,2810
778,1552
999,4848
1467,5311
1536,309
351,298
248,2781
334,7868
1849,4788
1093,158
823,4993
885,1013
1124,7780
681,5254
505,5078
1257,5232
1529,7675
1311,6054
1907,1874
786,1458
141,2637
1035,2065
872,5348
606,8458
1969,861
1137,2913
1027,8024
685,4840
1653,3465
373,52
418,1991
857,5531
730,6060
1102,7864
48,4989
1170,5067
1912,3188
779,1872
121,2800
580,7563
1249,6898
1482,4386
156,773
421,1779
1748,8706
46,5601
29,3122
641,5132
475,3203
1429,4764
1155,1829
1533,4189
1432,8599
962,8281
1988,3201
99,7091
134,4265
751,8846
1650,5598
333,4434
1874,4
829,7609
1581,4816
1790,6119
836,1453
1703,5661
461,8630
331,7900
1391,1728
457,8463
1947,2670
644,380
23,5512
553,884
1541,3241
879,5839
1479,7681
1760,726
685,6620
1449,1533
280,7681
917,1017
1621,118
1674,7020
167,6982
1868,7053
334,984
1737,6435
300,475
468,7658
584,8970
1387,2599
116,8082
41,4662
1688,3475
1189,7695
842,531
791,5843
1575,8675
786,7505
847,750
990,5337
1158,7759
1831,2129
1588,6469
843,8625
1605,2929
1302,8090
959,2105
232,6411
1711,6655
1225,6859
69,4244
122,682
642,6559
88,4412
1253,7802
1229,4341
105,5054
549,8909
1241,4997
787,2604
1320,4733
1186,2516
465,8887
1142,1840
1461,7492
90,2468
640,8293
58,1697
870,6821
405,5944
234,6765
1547,4704
637,5157
1384,5521
304,6094
1199,2065
1626,7671
1379,3035
503,7417
993,1963
290,1453
940,1552
1919,1128
1127,564
1682,6617
1219,8725
1449,4060
1198,906
9,711
320,771
563,8805
1751,2037
1308,749
1455,8133
1375,2468
144,8036
1228,6231
95,5608
505,297
950,4730
1926,8600
352,7951
1424,4326
221,1749
1347,3420
1442,492
1721,6175
1086,7127
1930,4873
508,463
1630,4168
1568,7218
165,7019
46,3484
1287,8756
1899,29
935,2746
1956,2542
1752,311
1654,7131
995,4942
1301,990
386,1754
1754,4792
1538,5371
32,3506
1413,2915
543,2722
384,6625
352,3983
1628,7717
1415,4423
453,2796
668,749
480,2301
1795,3711
899,5740
697,175
366,7963
792,1155
1382,4450
1188,5715
1627,4341
1740,205
499,4955
1523,4403
1649,3701
1109,3929
430,3612
1447,7743
1959,8082
121,6372
1698,8174
429,4793
1466,7889
658,5636
603,6700
419,869
1181,4016
713,6324
1347,2186
971,7394
1676,1680
814,4384
570,5038
1042,1794
1612,5365
152,8849
387,7334
1887,8398
571,3111
1021,5322
245,4252
193,5708
825,8529
618,8678
334,3710
1328,5077
980,4065
1391,6244
1326,7723
1997,5295
338,4947
642,8995
1291,6081
1062,8018
1406,7203
245,8589
1450,1916
1266,6963
962,1922
390,1061
1583,6392
723,3032
77,3679
56,8556
358,5442
1188,5958
64,3256
465,8829
1635,5071
1220,4174
308,8736
571,210
1619,5967
601,1709
610,112
996,4229
661,3293
882,5697
734,6130
1947,4645
1593,4996
1574,8455
734,2117
1176,2442
1232,1319
967,1453
1400,908
1303,4092
554,4101
676,3902
1969,8673
1506,5911
1237,7221
869,6234
35,5134
148,5045
1570,3034
115,4259
1955,5296
1404,2553
34,4061
1779,2433
864,965
117,2898
1211,931
1511,7917
214,7003
147,2447
832,3225
488,8111
1605,2321
581,2674
976,1682
773,4486
1221,7551
83,7806
1037,1863
1204,7114
208,769
352,2226
1571,879
1024,580
1747,2525
817,617
41,8256
1393,1324
364,1947
563,982
1229,7490
1614,1487
1344,2145
1817,4904
1356,7480
1520,4285
1479,705
597,8665
409,6448
1494,6762
1539,700
1123,8430
1801,1003
459,3158
1028,8857
20,1819
1212,8720
1103,975
1778,4416
560,5148
977,6382
1927,7948
1276,8579
697,5691
296,1047
546,4007
1409,6924
1892,717
1888,3552
130,5150
10,2966
199,7502
487,5805
1149,4027
979,1700
235,5578
1219,715
620,7562
450,2907
1944,4428
909,1326
1298,1568
1710,6385
1673,5370
1626,6231
1682,2524
107,7124
1902,4883
1296,2059
1080,1274
709,3042
1091,1465
569,7534
900,4724
1714,8472
1780,4908
679,6702
66,4062
1138,6689
398,4854
1211,4546
218,2589
1696,8840
1253,405
650,8776
240,1081
894,256
617,4341
864,1588
1086,5690
1065,7962
1539,6128
1046,5541
1133,781
1696,2649
402,4971
1138,6440
1212,7333
1269,8734
403,7936
1006,7236
1658,5103
180,2803
1675,5179
1257,5670
1636,7513
1213,3568
735,7147
900,7531
990,6041
1093,1114
953,6645
1819,8167
787,3081
479,1853
977,8687
78,3615
1107,4785
1928,1794
1198,8491
1506,7242
908,2642
495,589
484,1591
1037,7735
1309,7227
612,5458
223,3210
1302,1982
7,84
710,3370
1658,2614
1105,8441
769,4625
582,4648
615,6766
395,2390
1613,5482
1387,345
1811,928
954,3341
935,434
319,2518
1888,7616
1583,1904
850,5534
899,3875
24,2167
135,4903
148,5861
1829,8023
428,7059
26,4770
1690,3694
1744,4630
747,7270
1630,7306
718,236
1154,898
337,3852
118,3838
978,6763
1221,6561
1859,637
1559,4615
627,4151
1237,1631
1400,667
1446,1941
325,940
1912,2323
494,2657
1053,5746
1198,7974
1861,2877
1854,4787
1418,5701
1100,5317
1776,2899
1584,676
208,1024
1050,1202
258,2942
1539,1960
1750,5077
624,835
271,6073
266,3946
446,1202
801,957
921,6396
1239,2312
709,937
689,5658
356,6870
1956,7532
541,1376
674,529
682,3793
595,6602
1802,5562
574,992
556,6765
771,2235
1343,7691
1604,4391
1868,5416
66,7411
346,2040
1884,7748
1922,8671
1749,665
742,228
758,3638
139,8899
711,6067
910,7875
1412,2181
1433,6592
1578,2949
1748,7249
366,5576
704,4893
81,8506
1233,8477
1209,5857
1133,5973
655,7233
1998,8471
626,6804
1354,8356
7,8235
704,1059
51,6793
1538,3303
1106,3558
1246,3085
1363,5498
93,744
1301,5236
1708,3700
828,2618
1040,6483
1687,8042
1013,1355
770,6788
810,7834
1644,6617
165,3098
17,7712
1358,3149
1024,1778
776,1627
1461,651
261,1988
1391,447
1193,5332
1165,2645
339,1670
1981,8090
1522,8839
697,1231
1931,8604
376,3192
150,8980
210,6622
775,7016
1312,6796
1236,1908
381,3940
412,6156
492,8910
1711,3915
1460,881
1571,6962
1349,4539
1018,2333
1213,5648
751,4783
355,8599
170,6140
477,2299
827,5524
786,3560
1171,155
927,8599
1694,7984
920,3002
1201,6631
1052,2095
1861,3702
732,6988
618,3243
180,8131
980,4352
1930,6972
1932,3913
146,1970
1855,8229
772,6517
1805,6910
1571,987
107,3219
1752,3706
606,4434
113,1205
908,1137
827,6874
1679,8073
1393,73
1590,8634
23,4086
1442,8689
524,7475
164,8235
65,1830
1581,7452
127,3933
1239,3834
1842,5921
858,7458
585,4250
816,2687
1896,6359
1758,7527
653,2124
711,2755
870,5030
540,1980
989,6938
62,1999
1981,7017
362,2787
746,3775
411,8299
422,6499
1564,6474
1003,8879
1662,4360
513,5012
147,2252
1403,3419
1328,6628
1192,3520
36,8080
37,3456
595,3332
538,5558
1289,8513
89,744
1889,5439
1513,7756
1207,6284
1907,6031
1338,8836
44,4485
753,3568
606,793
797,7209
89,1337
1682,4332
1646,7223
1375,6774
108,19
1027,7149
1201,3774
799,2365
1715,7076
1392,5970
909,4604
440,2760
51,5694
642,3453
1409,470
83,7652
991,7049
853,6857
561,6557
925,7216
220,2570
1191,5671
642,7276
1547,2836
282,1439
1352,3743
129,3759
1646,3075
1285,5036
885,8807
1997,7984
904,978
142,1288
1323,4970
427,5153
423,6239
638,503
667,3307
1700,7096
613,7771
32,3985
131,1661
1020,241
1014,8972
1701,8611
1410,5064
1201,6168
178,947
1366,2057
1895,8390
1591,5551
45,8255
1004,479
744,887
1312,2496
1841,3725
419,3170
28,6451
879,943
339,278
1092,6960
320,8730
310,8298
1226,4101
1173,4595
801,4357
1207,1319
881,760
995,343
1313,1436
606,5318
127,3017
1523,1772
128,3711
1442,5921
648,8967
1290,8650
344,4586
1720,6901
243,473
155,3248
374,7202
1368,8039
1409,3043
574,4394
1513,7519
819,1368
256,6912
1137,4261
299,1652
1496,4351
573,4052
139,3370
833,5533
747,2851
112,6824
1514,6276
1049,1521
1292,2153
606,3966
743,1755
579,4896
140,7876
36,734
282,1724
1008,2181
1462,6587
531,3150
362,6809
558,2565
793,7254
603,3482
1971,4182
252,5086
1957,5792
322,3618
1612,6339
1905,3041
1369,4445
1030,7375
785,7931
1474,8815
169,1865
912,361
1983,5106
97,4480
443,7791
1892,8419
995,8380
440,2619
559,4798
801,3972
562,2582
1367,1466
819,7838
1849,2490
1941,2518
359,3401
876,8224
678,6727
793,4423
1957,8521
1839,8295
792,7415
670,858
639,4850
553,1935
1102,1971
1185,1376
553,8367
1785,46
1161,6186
692,446
487,6564
866,6379
1610,3862
548,3229
1527,1953
1092,5870
841,1739
1191,1454
1694,1728
1330,7912
73,1155
1297,6579
1743,8515
620,2389
1646,1529
526,8159
404,1001
412,5611
1466,1829
1748,6298
1526,8400
828,153
540,745
46,4163
225,238
1496,7407
1728,6525
286,532
1829,7189
1989,2730
32,3824
1309,804
1030,2524
1851,673
973,6596
1922,4242
1658,6712
101,1536
274,6621
1984,685
1025,2900
238,5109
457,5087
962,4058
796,6223
363,2621
431,2071
1017,7439
1518,3758
1278,8058
905,6102
30,1870
1435,2097
473,3138
1686,5985
1398,3320
1557,1541
125,2143
1753,3233
1892,4570
580,1556
1711,2026
643,5376
1649,2327
1019,6042
514,3679
818,8136
143,4893
563,5180
1526,5322
1795,2037
1131,1770
248,170
163,526
539,5151
1727,4789
1838,8699
1251,2668
1366,384
1112,1197
288,303
1293,6876
1840,1429
489,958
1956,2750
1125,8676
719,3206
1360,679
43,8767
445,2511
1540,7996
657,7710
590,6558
455,6392
1959,6800
1895,2785
90,4856
19,3882
1063,4293
626,4911
203,8678
1877,2509
1760,4714
1288,8043
1292,4736
781,4426
1901,5800
1719,2046
1490,7847
541,6838
1386,7990
969,8577
29,2942
206,741
1311,979
662,5766
14,5270
1433,7998
857,3928
1733,2471
1905,4083
120,2499
1740,7999
1647,5760
1803,4583
106,8020
290,7327
994,2335
1800,6393
921,7030
1897,5049
979,8437
1819,8888
1090,1337
1452,5853
1081,4671
990,981
1975,2642
473,6033
1978,7407
593,6416
1871,4087
250,7715
1682,2695
1236,1691
1946,2365
61,2244
1521,4576
3,8098
1308,7444
1924,2160
818,2064
475,7925
975,3008
1217,8719
1466,1123
695,6974
1882,2878
396,5121
319,8641
775,8733
1232,8052
406,7634
316,8919
291,2810
613,8730
383,1772
355,453
1207,2899
1813,2059
58,6377
1468,3167
742,8442
258,5354
71,5071
248,578
1185,3845
1103,3119
826,223
397,5499
1419,198
1653,6287
1476,255
553,1582
924,6560
821,3953
1116,1942
960,6195
584,3082
71,916
1381,5820
1818,2200
1493,7769
36,6489
1212,3448
1757,4865
885,3286
897,3020
320,6495
203,6590
1557,8612
1559,4713
503,6623
261,6102
1305,2711
698,8167
1883,3247
317,3384
632,4934
649,6224
534,5574
383,5331
1714,3895
12,7074
989,5926
1021,7208
652,8298
1406,7810
24,7931
1441,6725
155,348
1817,4287
715,4471
46,1246
1772,3676
222,5308
1433,5777
45,2388
223,4706
1698,5475
377,3781
849,3088
666,2438
791,3781
921,550
1555,4792
995,4995
667,7741
621,4823
1749,5168
613,5019
989,8697
91,903
306,6433
443,3939
1191,1103
1972,6208
1716,7014
1172,400
63,1264
851,2530
1821,4409
1723,7495
1904,6684
1660,4099
654,4360
1256,7753
389,197
1202,3610
876,2382
138,1759
253,5276
496,2646
654,2985
1316,478
1861,6149
267,2601
1329,680
790,3268
13,3709
1112,5969
1430,3674
294,6118
1474,3501
1731,6492
605,7557
1999,2318
670,8382
1595,4717
624,1541
1488,2519
1123,1848
525,2076
383,3401
786,954
1153,499
941,7756
1691,7758
1221,5661
547,4097
803,5133
923,888
1143,4566
170,515
1125,8277
754,8988
387,8443
865,76
508,2333
1536,3182
1235,8689
1718,3582
1748,7286
477,8242
339,3900
1479,6029
1624,876
814,1649
160,861
1148,7390
1711,2533
1676,8249
827,2784
922,2933
1930,6253
491,4843
1845,532
1595,2940
673,4436
1323,5529
553,2826
375,7940
1135,2991
1692,6081
317,5781
76,7280
536,3844
871,959
682,5357
1758,1156
1239,5217
1647,2253
402,4659
918,5931
223,3877
1064,6328
710,1907
983,5079
1538,5957
1202,2632
1779,4082
225,2797
1753,4358
757,7590
1860,7752
1500,80
1230,908
1486,5186
1459,1858
1205,120
1367,6093
1766,2045
622,3983
1677,2987
1255,1157
1309,8749
1000,2383
1708,7469
126,1411
577,661
282,8962
586,7670
1693,3071
1070,5822
309,5079
1080,2537
367,1313
353,6400
1018,2261
1063,4457
1061,4148
1872,470
1895,2186
1174,7844
230,4862
541,2920
983,5724
602,8016
1772,6833
527,8737
1345,5262
148,2762
1935,4969
1431,3271
661,4276
1439,990
1713,4031
1756,6997
825,1684
1255,2626
1910,3167
839,6265
822,8506
1233,647
675,6491
1649,8830
130,1854
1523,4017
1162,3850
1095,1382
790,4197
1074,4654
390,3882
1043,4319
185,2282
1756,7707
1859,3001
966,6641
702,6618
430,8455
1631,2344
76,6290
1944,2864
1531,7629
432,7698
1900,8616
1328,7308
1892,4806
389,22
1232,7949
229,7814
1033,8495
1810,5028
1071,7939
229,2992
227,2822
847,4009
342,8611
20,3448
1059,4728
1997,2724
1513,2536
1180,4219
1027,131
944,5009
1329,7270
1779,6751
1050,6824
1493,2166
424,7781
897,1895
816,3483
1816,3940
1269,5551
1531,3990
1745,3695
1387,8578
559,5156
1621,2484
675,5074
814,4788
1820,3023
1793,699
570,3340
537,3918
591,7601
377,8623
1875,1576
592,6541
1376,7808
1237,1113
1708,7972
1484,6227
1058,566
1966,3301
582,5637
1884,5288
28,5714
454,8492
1613,5882
1271,3862
1932,3405
1720,5218
1483,7177
1117,3676
1500,7182
1646,230
1321,8787
1245,439
1499,4480
296,3921
22,4878
1015,3328
1565,4402
1901,3298
1090,8001
718,3869
50,8451
210,3031
1960,8076
803,4779
1342,967
1820,6785
1659,3378
1772,3079
717,3877
1915,6168
504,4590
107,4990
73,5858
387,8196
1111,3510
342,6935
631,2883
145,8058
37,3969
1383,4386
1064,2190
1507,4974
717,8685
954,6771
1137,8812
210,5072
1022,8889
1316,4722
1001,1185
1443,389
1896,2509
407,1738
731,2437
202,4975
1601,2688
1321,7888
23,553
684,7280
256,8813
1139,5370
1004,3609
258,5558
486,303
370,2307
104,8240
621,4027
1895,1510
1339,8830
1345,8294
551,6813
1852,7403
20,6627
437,7592
1642,6978
1147,3734
1091,3379
1656,1271
482,4169
171,2181
1405,6493
1584,8589
588,8584
1915,2747
408,8523
648,8727
1289,672
1999,3134
733,622
1203,4171
858,7791
298,3413
1445,7642
751,4377
1838,8592
488,6752
1461,6778
1202,1081
1592,4659
1455,8233
984,2892
1313,7845
1129,7953
719,717
1241,6878
447,8571
1167,630
449,2551
1193,8410
1308,3760
849,498
387,4682
1626,2841
897,6796
1943,7742
1895,8232
1497,5912
508,6531
1854,8000
1764,6046
1268,605
1445,622
955,7772
1491,8802
166,4528
938,2812
1177,6591
1726,6742
1055,8954
622,4146
818,1227
1488,5540
1095,4940
51,6609
182,2019
1055,3772
552,5787
4,7255
1754,8256
177,7941
1516,1441
1259,733
1687,1626
198,1617
1750,2165
1976,445
433,2717
1538,7914
1613,5980
946,4206
54,8511
1527,5142
1451,4498
1806,1007
472,1759
572,4819
193,191
99,5480
478,8786
606,8546
1074,2598
1631,5947
1547,5493
1349,7926
867,1889
465,5484
378,291
416,6845
1442,7032
740,4220
35,4687
1900,1716
1344,7860
919,4854
1905,8432
1467,445
807,7441
1247,5743
981,7956
848,1610
1641,6961
1974,653
1372,3179
1976,7768
1546,831
303,74
541,3852
583,5858
392,8899
161,5166
1504,8533
1363,1208
655,6225
1836,7131
1275,3312
510,2469
1125,3210
741,8592
269,4961
685,3891
308,2131
1343,8427
1743,5792
1610,6393
1109,3430
203,1480
1536,5331
453,7975
1846,179
638,5261
1821,7728
258,7931
1994,5867
911,2195
800,7229
1211,8155
1794,5050
977,893
1143,4489
1058,7143
763,2298
1455,2151
476,2978
1769,6666
835,6950
182,7648
1920,163
155,8553
283,6652
312,4822
736,4147
302,2657
1885,4770
547,7617
1377,8469
1055,2863
1314,5484
382,489
1362,7793
1095,7653
180,3541
1123,4982
611,4915
1919,1382
592,1568
585,531
1541,7700
1959,3927
1589,2997
76,764
582,7388
805,3919
1372,4211
930,3942
502,4177
1024,7474
1897,8478
1734,385
206,8142
1273,4402
750,4821
554,2027
628,8244
664,1823
1926,7519
1119,7933
74,4713
1036,3001
1415,8911
1626,8642
1042,1235
1412,3126
1576,7619
977,1143
702,7694
1454,8337
616,6558
1168,97
1697,2727
1948,6355
34,5775
615,4367
1668,1100
1723,3597
774,8921
288,6639
317,8222
686,8
572,8999
1823,6190
329,1367
1021,8562
534,1553
1650,2325
1897,4497
1133,6127
1242,2824
697,3274
1560,3925
1538,1236
935,7188
1090,3061
1793,1231
1339,5300
294,1516
943,3522
1014,4833
1607,1311
1662,5249
126,8683
465,5375
1227,5583
1750,7503
355,2907
210,6115
873,5605
326,4209
1700,4123
478,6195
933,6335
828,6853
1734,8459
796,7446
396,7735
945,4038
1351,3975
1818,1455
956,2243
1176,8298
1321,1996
577,8670
1898,2812
520,334
1828,3014
266,4931
799,763
1601,4888
1561,6305
1966,1153
1055,3939
820,1367
1213,8938
39,3312
2000,7262
1651,1232
488,7556
1921,4420
5,6639
1793,998
1118,2661
878,4821
1346,2636
864,4940
1240,5426
1393,3226
28,8267
276,4199
726,8548
874,4828
1019,929
1769,4046
608,5059
510,8961
1647,5806
1704,555
179,1965
1953,8128
60,2027
656,4795
1652,3269
844,6861
1529,8723
413,3767
1179,8048
1630,2385
1496,5358
1898,6813
870,6498
988,749
1215,1612
1893,5187
1907,3083
738,8063
104,5679
1989,884
1238,8239
400,3265
151,1189
184,3542
14,7807
1765,1829
310,6185
691,4588
1264,7406
537,8391
240,3865
1835,5747
500,8290
736,389
1319,7390
1685,1940
264,3771
1467,7813
1676,7114
1613,5138
1679,6543
1205,2840
1932,8054
1789,6132
1634,3455
1213,3687
835,248
1956,8048
382,8312
1681,4804
301,1993
1280,5579
1440,6313
403,2049
1139,6898
747,7180
1181,115
50,7034
1999,2074
1940,3394
1446,8868
188,2571
1972,3215
296,4281
693,4711
453,968
1256,834
1807,6352
450,3059
1188,2777
1459,6404
1664,6699
1746,8794
1121,3841
1283,4220
895,6347
1129,3553
833,4762
951,4440
1459,592
1926,478
838,4471
1740,1397
896,1687
279,3715
980,8093
723,3604
1752,5387
510,6404
1880,1458
1440,2744
1638,7728
1945,939
322,4324
1589,3131
1423,5628
1805,3439
1641,6023
824,8392
277,1669
482,7176
1449,63
797,3988
1917,5161
616,8591
1008,4073
1108,3058
408,281
1779,866
861,291
717,217
1884,3961
1760,8696
1902,6859
1752,1726
818,6057
1955,8327
108,7481
572,2838
993,2349
195,7583
1060,6380
1846,1896
1269,7091
1449,8362
1036,6491
411,4901
1531,8918
1809,6517
327,1438
1035,5877
606,8450
1218,2499
1828,6308
1935,758
761,1814
767,2828
1303,996
1632,4673
1697,7967
1755,1162
49,4640
1110,3139
457,3010
1425,6799
1031,2741
1096,3888
1527,3721
1734,8008
1986,7685
1086,1740
375,2441
1202,7679
603,924
1414,7943
372,4783
1336,4692
1359,8703
1130,4405
1211,5653
104,7211
1200,5568
211,3297
1283,4675
1053,8705
1175,352
1889,1425
1324,1778
1790,5684
66,2518
450,2848
1741,1733
801,6431
243,8480
310,7932
1473,3190
1785,3408
1043,1705
411,4573
282,931
34,6989
1308,6841
1259,8425
1673,8411
1999,8568
407,7549
236,7217
152,6461
1557,6430
1797,7181
1341,2936
1123,927
1560,2258
1259,5759
1199,5854
1721,4289
961,4277
810,6075
1149,5868
92,5944
373,6077
1137,3930
1117,5543
394,607
1299,4138
1246,8520
453,8726
1736,3779
781,5200
1908,6782
1586,987
916,1105
1260,5769
1143,429
1424,3123
215,3247
1031,7015
1689,8838
221,219
1370,465
1267,5889
1395,2697
636,322
1059,8691
1465,8699
1740,6128
483,169
1575,7536
1891,6658
1915,6479
761,6072
1307,7725
1405,2602
175,7208
1394,4738
680,4942
343,6600
824,7445
1914,1533
1525,2730
416,3784
66,6249
877,4575
1333,4506
1006,1857
314,2562
324,7649
554,6745
1025,6445
98,972
1737,1761
1849,8990
1244,4984
1215,8601
513,4881
729,2392
1725,4186
1483,4683
735,52
1787,2405
336,3467
1883,8678
1943,4127
492,5316
70,1
1977,5844
257,2197
474,3393
168,2922
656,6670
1507,5813
1106,1914
1167,562
115,2072
1742,8661
1069,8684
1205,9000
123,4148
773,4899
1865,6168
18,6367
59,4689
1711,2690
215,748
1639,3864
485,7964
1633,7129
1963,8766
1755,8758
981,1020
1470,2717
1269,2510
953,2469
607,4762
1074,6515
758,4575
93,2147
1879,8184
1231,7989
1906,5299
582,4807
1302,7702
1202,3650
635,663
910,5223
276,6756
150,7652
1782,8736
969,7775
180,2991
1144,8713
1669,853
872,2299
524,2530
37,4366
974,8863
765,3539
1552,560
878,8453
660,7139
327,7753
1233,1059
1875,3406
757,6410
1524,2175
1322,1257
1136,5992
1680,1459
1512,5857
942,1217
688,2266
109,4720
846,2003
140,8662
893,6136
955,5339
1262,5780
1442,167
1236,5634
1516,4898
1725,1727
973,8800
1575,7096
1172,8070
303,360
568,8505
321,4322
205,4620
1041,4086
242,7810
1687,7971
46,5439
1458,5359
337,2862
1313,5379
978,1305
1609,3642
1692,4146
689,2279
760,3847
142,7175
1435,8420
997,7886
1945,240
1207,36
1943,1604
1027,4790
1091,6510
1877,2143
218,3586
986,6865
1936,7549
342,4500
564,8235
1689,978
1480,1568
1802,30
13,187
640,3193
1126,2923
856,8027
1057,5203
1873,742
1761,6985
1673,849
1222,6355
1016,3456
1366,319
745,8543
1435,8542
1901,1456
531,7801
385,4132
544,3707
1136,6994
1525,7240
112,8464
1156,8842
788,3848
1590,8228
197,7229
796,8881
1613,5316
1137,1041
575,3483
1374,4638
1263,438
197,3932
729,2571
719,4186
1069,531
1641,3197
166,387
87,5454
731,4706
663,4579
431,2238
1605,4181
1638,2349
1100,8258
257,8130
1637,8746
1276,3633
63,7040
617,8637
1834,3724
925,5755
317,2313
999,8642
1134,6084
632,5211
1321,5987
11,5915
725,6631
1049,1336
1594,2453
1385,6797
1652,3034
1224,3968
348,3228
755,4802
1280,2506
1930,6437
1560,1397
1284,653
1040,2494
854,1516
242,5620
140,967
603,933
910,900
383,6342
1728,7473
169,3916
1194,6612
1903,6650
432,6507
502,3789
27,1862
1963,1043
1465,3940
1173,344
1912,2618
1752,372
1726,8736
628,6211
547,632
1953,4996
1261,38
191,8263
536,1146
1044,2023
1289,7534
372,1589
965,3606
1111,7153
1725,4236
48,4767
819,6397
752,2862
1479,3423
501,7054
739,600
1104,1610
216,7813
289,6961
1867,7044
949,3035
429,6206
738,1180
383,5834
1458,2447
1874,5492
1185,2290
933,5551
392,4744
1928,8144
1294,3415
1355,3371
1486,8674
1604,8128
1027,5221
100,8959
1792,8036
202,4774
1574,430
1912,4687
114,3840
744,7030
145,4403
1079,3348
1653,2200
553,5301
382,4354
1653,2728
1824,6896
1507,8464
920,2760
471,7827
942,1930
522,3478
1398,5995
960,8492
956,6680
1507,7049
311,3049
46,1503
1769,7871
1373,7187
1817,7830
1476,457
1872,1914
1743,121
1773,3553
67,8034
869,6271
1522,1782
217,7925
1267,4028
800,2408
1533,5053
1963,2639
555,6876
1500,6482
1569,7711
1955,176
1080,5852
1344,6861
1597,7354
1068,7167
160,361
169,6980
1770,1387
1403,1588
1877,8301
838,5046
1601,3892
1413,403
372,2723
1129,6107
1389,61
29,8791
1735,6291
41,4284
199,3736
975,5379
842,1791
1754,8543
898,7377
1115,7314
617,3736
904,4210
1639,5485
672,8324
1905,8037
1551,6976
292,8597
1282,1384
15,8958
1900,3120
1581,364
1545,1111
526,6952
942,3326
1211,678
42,7850
1588,1805
1674,1077
867,4417
641,1918
670,6034
140,3707
1435,8787
583,6239
461,5314
754,2426
729,385
378,2752
962,8006
74,6518
199,1388
1963,894
1776,2868
1189,8396
571,954
1253,2290
1388,6283
474,2038
551,2339
672,812
801,8826
446,7202
164,7526
1779,33
195,1262
1146,8429
1263,6585
796,4608
2000,4626
607,3119
1187,5477
261,1185
1617,3104
1742,2376
1697,788
1142,8637
1509,6653
1511,2627
1189,4362
1715,1506
1742,4377
867,8950
1745,1526
547,3841
1812,6166
682,5367
14,8389
717,1610
297,5203
1038,6767
1327,2461
1456,3239
578,2085
321,2734
781,337
387,606
482,7619
220,2988
536,3810
300,2824
469,4416
640,7452
921,5188
791,8387
938,1052
527,291
1817,8487
553,4693
1177,2796
1178,4617
1142,8773
1896,8476
551,2754
1898,8793
680,1419
1711,2332
1702,6900
1948,4671
988,7304
1907,615
1999,7858
601,3416
1615,1835
1207,4074
1978,7300
1930,8228
548,4141
582,7593
579,6076
944,2555
589,3078
1405,4312
1060,5734
103,1799
343,3304
1705,3296
968,6312
1364,7400
1799,2060
1101,8181
1975,7305
1473,3417
1013,518
258,3413
1462,6491
877,3342
31,3664
1181,4174
14,7840
1997,8442
811,8647
1085,8019
660,7808
767,6948
1067,2429
1228,2820
1521,866
81,5694
408,2225
956,3223
1415,3181
46,2531
563,4610
1286,2394
487,3844
1526,7901
396,1446
1023,3213
328,986
335,7625
276,5342
1747,5502
1905,6341
1085,2608
793,1856
249,569
1888,8728
278,5346
1726,8476
1134,423
504,2199
845,454
1161,198
1188,2285
1007,5597
1832,2927
446,180
1938,4479
1165,6583
1648,5294
602,6494
1963,4347
382,3796
1901,1786
766,7869
525,5479
1966,4023
794,5587
1249,2668
193,8194
675,4259
1931,1836
1801,2671
1419,1051
797,235
1157,4469
344,3888
1585,7364
723,2690
134,2263
1662,3872
1031,1761
1520,4131
552,7236
1818,425
266,1890
75,3818
1988,8300
926,8971
1734,4605
940,1896
1224,7707
1680,5372
932,3201
611,5737
1605,7074
1501,1191
1143,6934
1505,5552
1366,734
1480,602
610,1388
1720,3803
1372,5427
969,66
147,7298
153,8035
498,7553
377,787
440,6814
356,2542
826,7730
778,7910
993,1391
1634,6994
1045,6439
41,6413
146,8214
1448,7590
727,3668
709,261
393,3727
452,8364
240,959
880,8232
318,1971
1841,7062
43,1695
1321,7955
299,4526
1819,4964
62,1395
273,8279
873,8738
845,1999
1285,4546
1983,4277
547,1950
772,4108
1205,2856
1858,4520
997,5865
838,3180
70,4352
1549,1961
490,5889
1788,823
607,6993
1886,7634
937,2845
1611,5765
263,8627
20,6892
1446,4469
1144,5395
82,2830
35,8489
679,1223
1541,3277
915,3456
783,6750
1448,7853
862,6961
236,5009
1338,7274
294,8107
1896,4471
402,464
176,8596
1572,2656
958,1122
314,5250
555,203
698,5650
1169,5176
23,8918
111,8115
1254,4969
1416,968
71,1712
837,2692
758,2402
811,5074
1394,2469
163,5481
497,1357
1521,4100
1885,4548
1774,8902
1799,7565
1280,7694
400,605
1086,8861
1373,5086
1109,5914
104,8685
398,288
1095,5404
10,631
41,3659
451,1514
760,5976
214,4696
1894,11
997,7084
1134,39
16,1951
1290,6767
1239,8504
1273,5403
1135,1936
1067,6266
490,5256
1961,4289
527,6301
281,3700
393,8461
371,3116
1119,8997
1759,6400
485,2703
1971,1653
614,7785
360,2590
1765,4820
349,3286
1680,5005
967,8651
456,2392
1168,7516
1778,5614
678,1639
1790,4500
1164,2106
1452,2379
300,5924
275,3273
1452,1143
1658,1913
1909,1336
213,5800
409,2276
788,5989
644,4922
745,3916
1223,664
62,1470
1313,6222
346,1560
828,7414
152,8484
988,5188
723,3376
1960,5584
1676,190
1398,2332
1833,4372
1967,5520
545,6097
729,4558
246,1194
853,5891
1476,747
1909,7563
931,1960
1051,5179
1913,7861
1922,1777
1558,2487
263,5507
1152,3460
1910,3126
242,2545
1747,4942
941,7762
492,8946
148,2181
1472,6163
1539,8238
997,465
1081,4003
1364,5076
1313,4045
1648,8217
833,4214
731,7801
496,4973
1126,8070
891,2494
967,7562
977,5662
602,8975
1574,5018
1390,4372
1882,2659
54,434
1879,3518
1254,8161
1336,2048
1144,1353
989,670
1386,8067
1285,1883
1243,4917
1562,318
1410,3484
78,693
844,2260
228,3637
1578,2842
1649,7790
55,982
608,7294
919,7667
1123,6879
899,6957
1166,2329
1051,3287
1086,1913
1077,2894
1497,6014
1645,2448
1680,3681
549,7169
1229,8432
1168,295
873,8993
144,5431
669,5342
1633,8634
1197,416
1592,2812
753,2681
1147,2972
761,7603
1594,534
57,3773
735,1698
11,8406
1485,3218
342,2983
979,4983
823,4077
901,6798
1797,4524
717,7900
1118,3029
815,2055
314,7606
1037,7938
1035,4075
892,5662
698,2236
204,3059
386,8505
61,7747
893,5890
1039,3313
792,1322
1585,6448
525,3256
1324,8786
346,7654
1516,4357
679,2576
642,4511
119,5079
1170,2352
1016,6188
1074,7558
399,7068
1492,7577
821,6606
1641,2256
704,3271
275,1056
889,7596
1440,4849
526,5625
787,3210
909,615
298,5547
42,847
731,5717
958,7288
1032,5862
71,7998
256,1919
1150,3347
1226,8065
84,7054
1904,5026
1735,2911
1828,5439
1315,5450
1567,2819
1645,258
375,5324
286,1470
1475,6103
1934,4663
1704,7612
1737,3811
1177,4527
974,5473
1269,4650
243,5818
1533,8837
215,903
1480,3776
117,343
939,5730
1931,3120
917,1273
314,2055
155,6378
1787,4227
786,1719
1481,4342
1902,7438
301,7762
1709,5465
39,6791
889,2738
201,3465
887,3199
881,979
1574,8061
566,1573
1183,1720
642,4973
280,288
676,1384
1088,2882
1721,1471
311,8514
858,8379
507,2778
1916,4288
1951,3161
1860,7983
1532,2667
1525,8314
545,5136
378,3154
956,4676
359,5720
738,3518
711,2439
1560,4166
1026,3113
1227,4262
1044,2046
1744,4446
771,3341
476,4445
1292,7811
1511,4754
71,7128
1623,4736
983,8569
562,64
1394,8306
571,4797
317,3042
1499,2891
1620,4207
1874,7369
674,3447
367,2389
1470,2669
1290,5457
602,5248
1268,41
1416,6026
226,5749
1345,3426
894,7113
1590,7247
1330,6934
1109,1813
1413,2779
700,3605
1256,3314
1420,7133
1166,3101
1494,4855
1455,5690
1798,7468
407,645
327,4969
172,4213
1613,8567
1524,6014
331,185
605,14
1518,6917
1427,3293
1852,7643
1455,4763
1723,3085
1520,183
617,2367
1382,948
1727,748
578,3467
1075,1726
1204,621
1432,7640
193,2127
115,5352
1988,2728
1166,2383
1868,3641
890,243
808,2007
857,7614
1051,4270
1385,6621
563,6275
496,8223
688,7940
1570,563
1557,2778
958,2424
445,4309
753,5525
120,8356
211,3485
949,3208
1017,2876
139,5195
1146,4412
721,8665
830,5370
1109,5549
1194,7626
130,5011
150,1306
693,6384
451,8493
1980,8691
1945,4160
1274,2510
131,7067
353,7881
149,7376
623,5334
1623,906
1016,5686
1338,2623
1301,6519
820,324
920,6070
1641,1876
1920,7492
720,8360
789,4730
458,7041
843,4300
675,6939
1730,712
968,687
1660,3963
324,2753
95,5035
1231,2402
1509,4288
432,1322
330,1204
1637,5973
1542,5232
690,2091
1708,540
536,5597
55,7546
1249,2218
1913,4587
1994,3662
248,272
1571,885
1012,8361
781,8056
1945,2809
1671,6417
967,8801
816,2285
327,5938
1192,5511
400,4004
898,5462
410,4056
1197,8118
641,1562
1130,5139
1394,1977
1260,1972
546,3461
1701,4282
448,5481
1353,2511
1938,5448
1486,7486
851,2455
280,3796
240,6302
1655,765
1688,3273
731,7929
1412,5722
1847,6884
1026,209
102,8678
709,6472
1633,3969
1335,2086
1988,8958
737,5005
1025,2261
1483,7372
680,556
943,760
1892,4519
682,8641
1136,2477
1092,1430
559,7278
1398,111
1496,6854
1875,3015
375,5091
1333,6899
1052,1988
926,7373
1034,3557
1291,4899
1382,8753
1422,1309
1348,5193
1035,2612
998,2952
592,3508
1203,7071
875,8430
1954,2810
1172,3468
970,7123
1747,6881
1208,2732
739,8250
613,4159
1364,5212
518,1833
512,4934
391,1504
644,5482
1079,2632
817,8809
1964,1535
1771,8492
1921,3381
378,2072
171,6290
148,4887
1619,7484
847,4215
1161,3323
1657,539
1405,1854
1833,2409
418,5580
1126,240
345,1255
972,1107
201,4696
990,8549
158,5969
1004,4557
1278,2195
509,5881
653,5553
321,1733
231,830
1360,152
290,4161
1784,4722
1104,757
1174,7647
198,4443
1863,5946
849,4381
248,2569
1134,5646
781,1654
1947,5756
1585,4623
447,4292
1808,94
1746,6820
341,171
629,4729
303,5640
123,3636
1685,4674
330,940
698,700
1548,4087
1807,1797
1332,1349
483,7090
1971,2667
449,342
1176,3443
678,4072
1692,6529
1562,6311
1930,2441
1597,6234
1070,118
1850,8035
1317,185
878,4619
46,3561
1066,3395
245,5484
1651,3889
362,5580
172,333
764,6028
1823,2089
1476,8018
1550,2066
665,1272
793,1392
1532,3411
111,431
1655,748
1682,562
944,193
41,7049
800,8772
1711,2124
1657,6338
899,6788
1438,3499
1859,958
488,1336
108,7594
1758,7562
1501,1372
1063,8011
1647,311
409,3
202,5415
101,8550
847,8295
355,939
1968,3047
1344,4894
76,4265
868,5377
603,8674
335,2246
967,1267
722,827
135,3438
668,8767
1983,6671
752,3583
732,7986
1049,5336
392,7623
1657,5336
1561,8644
339,405
1693,6325
1518,5785
831,3960
1735,8397
1134,5806
1775,2759
1816,2506
448,7201
648,7764
1310,5883
1423,4172
604,1306
312,7161
1785,6083
377,8233
560,7811
1862,3586
1558,8576
1928,6570
820,1335
35,4906
993,1185
1004,8099
523,241
331,132
1742,8394
225,6543
661,8291
787,7816
1693,4785
526,3708
1182,8281
104,3502
839,260
1885,789
1263,5390
1503,7636
1672,5220
1479,576
1427,2468
895,7220
633,2194
1845,6249
425,6822
677,6038
1477,6155
527,2881
1675,4917
1895,2683
1224,5799
1639,3789
1348,7138
811,8810
1061,4096
685,8966
1876,3822
515,98
814,2022
1878,428
1666,3254
1520,2933
1742,1403
1194,5500
1778,5781
923,7322
1727,8638
1720,2016
1885,3292
1459,4428
1318,4107
1648,7578
6,6443
1890,6195
1483,165
282,4222
761,7707
600,7833
1902,3344
543,6596
22,2633
1010,5375
1908,4354
1507,8810
399,4110
1140,2732
1286,7585
1447,7373
288,5300
875,4668
1426,1484
1776,1440
848,8681
731,8070
264,1683
1902,7917
1328,5962
1769,5948
153,4635
1812,4601
129,1665
1212,6421
1598,3856
631,2114
1629,1454
747,4853
333,4815
531,6443
1794,2065
1383,5650
375,5082
1535,4707
39,2642
1606,4393
52,4680
1691,7077
1401,1966
1725,7338
376,4854
282,8017
1757,3676
317,4795
1928,1743
991,6479
454,1362
1576,4146
30,4358
1009,4820
1074,2047
237,5299
632,5689
630,6696
1165,7170
607,7460
1967,1326
1064,653
348,7371
666,1856
1303,8811
1514,5576
1908,635
196,3425
260,1153
806,5336
1604,7914
876,8993
1688,8549
1991,8465
1934,410
785,4566
1118,1267
1316,3067
12,5340
1304,3531
967,772
1631,4244
1904,5310
957,8847
1597,1958
1231,2178
393,749
139,1738
56,191
895,6418
1630,2405
1651,8723
1863,6459
1471,3185
579,1945
878,2471
355,2779
1624,8697
274,1982
1009,2030
317,5890
911,5259
1464,1316
1598,8753
1508,5228
111,7069
690,3201
847,1795
1026,1229
1708,2083
1318,174
1740,5544
170,8005
534,6212
736,774
1559,2115
1102,6195
93,1521
593,584
45,5828
601,7169
1599,5886
509,5313
1068,2747
1690,3159
1870,8444
96,6069
1979,6275
1126,7754
1995,7536
496,8071
1100,6718
1325,7165
1072,3009
396,6727
1423,4782
1481,6138
52,229
210,894
75,5244
754,3703
1847,8038
1978,681
370,441
11,2657
360,4751
1083,8482
767,5773
966,8808
1258,7906
1767,5400
1583,1843
1597,3942
2,3207
161,8910
1473,5334
1744,6108
692,453
1250,6157
1227,342
903,5774
1260,7938
545,4250
538,5571
646,1441
1682,1923
1960,1904
227,7911
743,468
1321,1608
1712,3428
345,6204
1689,3832
1473,2058
1061,531
1021,6159
25,2263
441,1006
1745,5293
1606,6258
193,7911
1074,3953
1022,5888
1275,6376
1120,7802
349,7427
1367,8107
818,6423
868,3408
82,4931
1823,7302
53,3052
1691,192
302,5422
355,5766
1514,2739
1033,8320
120,1685
213,4068
92,4535
1817,4525
1666,2491
751,8183
884,2651
1597,819
1617,8659
776,7932
266,1396
1046,2209
826,1765
781,7289
1150,188
591,3753
31,8106
840,4120
1355,4580
1029,6111
1069,5349
595,6915
723,743
1269,4382
330,4108
156,8589
1872,5525
290,1958
371,3845
375,624
507,5489
1980,2301
1999,4420
1080,4166
1990,7357
34,2773
1995,5222
1887,1247
1485,3843
471,7215
1379,4095
1113,1938
1631,4161
1416,8927
687,8655
836,6297
1103,5157
1297,3992
544,6658
1324,3534
1307,5069
1364,6901
648,5407
133,6564
228,1615
1385,4458
1720,1819
1736,6003
1751,1105
1634,5056
1317,8718
1523,7694
819,6807
1986,8335
802,4622
61,5270
82,4778
1687,1876
596,3518
1420,8719
83,6689
1488,6623
582,6371
1421,2744
1142,5759
1268,3283
960,8465
717,5793
36,2706
1580,6718
1410,3704
336,5371
878,5494
1637,3469
830,1569
893,2717
1910,7213
1414,5562
1338,109
1075,7880
1176,8799
1550,8124
14,7536
602,3900
1590,2478
553,3917
432,6826
1343,1825
835,2655
301,4739
902,3449
1186,3453
1068,2399
1936,7399
773,3564
422,7564
1663,742
1297,6175
995,7019
1940,4864
401,5197
1911,73
1076,3863
976,2743
1070,7841
551,3329
468,1360
207,4338
1845,4308
868,7055
1373,7062
747,5639
1303,1243
623,795
1746,1255
439,3183
194,4194
1272,5938
738,5488
1934,524
1739,3520
21,8958
1823,5458
31,867
1193,3645
759,7746
670,1768
167,6704
1575,2300
909,3568
1388,527
831,3743
1826,3436
1480,7739
1162,6587
1582,4059
325,128
237,8871
1188,2440
1231,8591
1581,5809
1968,8294
891,2262
718,1577
1347,1422
732,5264
388,2016
1478,1352
1640,6431
281,1618
968,7531
194,433
423,1609
857,2288
1423,3340
1928,2819
1459,3506
680,457
1316,8447
1672,6740
1365,3320
404,7230
167,7679
784,3850
1530,5608
1648,5812
80,8457
452,813
551,4328
1944,2533
1754,5051
1199,7388
366,187
423,8833
1738,6770
184,5845
1135,3702
1203,1905
1411,6190
158,4123
645,4825
703,791
562,8815
1636,269
1443,730
294,5678
1821,5942
775,3583
1878,7786
1782,4201
315,3757
1176,7411
1373,7930
532,3819
510,5674
1703,4777
1569,6304
472,2696
1727,2552
924,4704
445,7714
781,2166
1706,3182
1322,3002
584,4703
925,4831
24,7164
1732,1762
195,6931
959,238
718,2648
1371,418
796,1281
1775,5547
1068,7826
1923,3408
1903,5532
1683,291
1412,52
100,8985
320,1524
344,2139
942,7534
1621,5820
1093,5465
61,7306
1229,8981
660,4417
1948,8083
932,1980
429,379
34,6233
178,5918
138,48
1117,7963
177,6085
1489,5096
1489,7675
406,6056
53,8216
1143,3341
1656,5814
1765,4864
979,6730
1412,8243
1395,2839
1305,3187
1050,2680
1391,2773
365,2878
1574,8724
1753,2071
961,3675
1145,4138
608,5078
1647,4199
449,2649
1101,5366
1429,709
631,7372
185,8523
1350,2414
719,7111
696,1713
1317,1652
470,6822
1517,5974
1168,2417
535,6190
912,2702
162,3766
1849,8779
265,2522
839,2092
232,774
1099,4181
220,7137
1194,1899
134,2200
947,8752
1017,4988
1395,8469
1107,801
1545,7160
277,4589
1509,1025
651,1799
265,4976
180,7862
112,7998
1418,1907
199,1184
962,6128
832,52
681,8068
268,6361
1128,5318
329,6701
397,6127
1606,5880
549,7131
980,4457
3,1950
1363,1205
1945,5399
1085,8148
913,3703
405,7783
634,4165
362,878
53,7267
643,3739
1945,3431
339,5692
233,5189
1739,2650
1900,3919
1574,6768
386,5971
1080,1453
477,2051
9,6189
196,8275
1647,5496
1823,2196
994,6893
860,105
717,4799
623,8052
1426,6995
401,2169
994,951
767,7258
1006,5966
28,7985
1331,2577
721,4122
1754,4100
1732,708
1227,1695
879,8537
1689,2433
405,5697
1526,4209
1822,7635
1825,5595
284,5483
579,4781
1924,2482
1965,4061
663,7587
961,7740
1962,7207
304,7584
644,1633
1367,2220
1362,1540
539,8314
1837,6138
1630,1312
787,5585
1807,7901
247,7370
1516,977
658,8583
1201,3121
1422,8485
1612,5794
361,5599
1367,545
1893,1919
1578,8117
284,7703
933,4896
1650,4612
1397,3695
1755,1933
1177,1366
1807,4021
1222,313
452,4548
1517,1018
1733,2332
1715,6254
467,2779
886,7945
1148,3411
711,2549
321,5943
1530,8377
1804,3377
921,2992
1745,3271
1624,1005
774,5791
800,5012
1359,8528
1781,1004
327,8100
1761,1882
1944,2002
858,3867
1202,2422
17,1872
272,3249
417,2294
1115,3847
1498,4745
739,8255
469,4939
474,7887
998,8938
1388,8295
1942,3742
1523,7092
353,751
1010,5751
626,1245
1236,6429
1154,3126
915,7381
1037,8558
204,4398
3,5681
1612,4845
808,3893
391,4216
125,4936
207,6575
890,5338
491,7159
134,5245
186,6889
1516,3698
929,1093
1596,534
888,6898
1713,714
491,4886
1358,1907
1046,3803
1174,8465
208,3214
1220,8494
1276,1102
914,4764
408,2607
1725,2734
1537,5424
1753,3922
563,2391
833,5848
91,1699
1783,6328
1414,4267
1899,5429
734,4139
351,6718
1902,6849
585,5417
927,8075
169,4392
1430,6751
806,4412
1935,5618
897,111
801,944
813,7469
1739,6009
1182,8629
1338,5598
1818,1666
1087,2910
67,4954
550,1603
361,4775
510,5269
709,5600
297,5289
921,1063
1913,3511
1552,4708
1458,4923
535,3880
315,1593
1378,666
839,1531
584,2383
1452,285
1627,2137
1010,2741
1209,6581
312,7350
936,6932
1495,8830
343,5036
1002,7866
982,2650
1563,7094
944,5227
385,1203
1009,4795
1544,1739
623,3207
881,8590
1343,6002
1989,5456
1718,4
855,7565
486,1250
1007,29
1860,2929
1966,8670
1828,7150
1347,4125
553,5012
787,491
1952,2003
1395,6193
239,841
604,6421
535,8778
1777,8929
1384,3187
1114,6150
37,6693
1111,3918
73,5617
472,7288
800,6214
1551,7870
735,8334
438,1917
1282,3357
1069,4015
1978,2995
1899,425
1951,7924
656,5685
1260,5914
1866,6416
1791,4817
210,8856
1379,180
1196,8607
1135,4244
317,3810
1748,7348
192,8411
1614,1855
160,8682
33,5390
501,5249
262,3283
1568,4182
640,4911
917,8765
1550,4569
1916,3991
18,7145
1531,2768
509,2329
66,8030
861,7802
589,6683
97,714
1717,4048
296,7525
1301,8411
293,4245
737,6453
1486,5309
1857,7518
294,56
1742,744
1807,7646
1993,8604
1161,1765
1705,5255
6,4793
1936,964
371,263
1379,4895
88,8116
1709,6435
381,4139
216,8980
1347,2107
1094,5040
225,7266
912,8052
1216,1174
445,7378
1083,554
1566,1003
270,6189
459,6370
100,3698
960,189
134,6381
1596,3370
649,1479
946,5004
670,4829
729,6485
1058,6786
552,3440
443,2341
1559,8812
917,816
1844,5530
42,5248
1569,8947
549,1787
1961,4273
320,391
10,7738
1199,1022
1493,4886
1809,6352
684,5889
422,1972
166,4581
1234,4276
960,2121
1565,703
1644,2187
1618,8066
684,4599
1888,4751
1940,7569
603,5138
1812,4518
838,3259
1452,7008
78,2006
1153,1
1193,2060
294,518
796,5948
1580,3352
1514,4558
918,7750
993,7243
1088,5086
1336,4492
250,1945
162,191
1690,3066
773,747
524,652
4,6251
195,6983
767,93
1452,4391
1374,4169
660,8271
1725,8953
153,2912
1192,4800
874,7129
377,389
1403,2055
53,8971
1656,3709
1091,8849
1712,7448
1649,4486
779,3235
1556,7801
1950,8542
1280,2887
594,8853
1704,8757
1053,6292
1467,7280
1767,890
385,8210
1104,1900
346,1299
556,2158
1412,8118
244,967
200,3162
495,4218
1527,4998
850,6390
1567,7556
1147,7150
46,2690
107,301
435,2878
1254,2650
1840,8727
1803,401
668,5698
1872,7650
444,7588
1223,6406
1517,8553
521,8735
416,4907
1213,7422
1725,864
1383,6966
368,2269
896,4152
941,106
1626,330
628,7643
1215,6859
3,5662
362,5287
344,4662
4,6922
1317,6925
1787,1742
862,3844
1660,6324
1685,5464
950,188
1937,5614
235,260
587,8566
1863,4474
875,5355
384,7666
916,5504
1306,1682
244,1999
30,5818
342,380
1797,7408
1564,4987
196,6241
1381,2954
324,3091
884,8749
350,7026
1005,6119
412,5576
1264,6493
1209,7276
1725,5809
698,7507
1256,5648
1334,7046
1906,4819
166,5788
1255,357
330,1601
569,8
380,8751
1888,506
144,7765
1526,8131
1868,5346
1322,6320
719,2276
1181,6513
113,6025
1351,8910
84,5884
436,330
409,12
790,5089
1935,781
992,409
1060,4100
329,5507
1672,6672
1112,6491
1483,7568
724,5356
1014,1776
1798,7586
299,7778
110,2817
138,7786
534,8827
549,5647
485,4850
231,2027
1748,3384
1892,6627
844,3261
87,8233
1370,2261
1905,3742
1932,2677
1487,4722
1653,1437
82,2743
688,2474
254,5011
1277,4348
1548,1538
672,6605
731,3999
49,1259
1326,1223
1475,454
1659,5302
891,7715
1140,699
268,2507
1498,6779
1747,2903
356,6748
1423,469
1821,5173
1730,1775
1492,8027
735,7437
1488,2107
1873,1459
577,3479
744,3823
1489,4399
317,530
1522,4648
1756,2928
807,5250
297,2111
1684,8489
209,7212
891,7045
262,8564
1174,1844
1208,8991
1971,4863
1590,4929
1415,5464
985,3746
1777,6017
1452,7872
578,6109
1566,649
1044,1228
1174,1531
1152,913
1323,3696
371,6051
563,5797
1001,8853
552,6786
1411,269
614,3165
170,6785
1362,7082
1190,8813
898,3512
721,8987
354,7349
546,8137
1550,5142
1052,7126
950,4715
1345,4951
943,5278
480,8561
1267,1319
208,8531
826,2343
161,3096
1660,1418
931,2788
163,2619
851,1907
663,7775
572,3193
1467,7700
515,7413
1731,4933
1414,659
24,378
494,1125
841,6130
1051,2224
1032,7870
1215,7587
1693,5384
1583,5759
931,2029
400,2843
174,8711
305,413
1661,5238
138,3281
1421,4583
922,8131
279,4620
415,6287
565,2247
724,3559
1583,3177
61,8315
64,1827
1248,2855
413,7322
1713,6125
855,3928
1639,5716
427,5284
274,2419
661,7317
1667,1669
1835,7137
280,7504
350,8430
63,3948
1022,1418
931,3073
923,8300
879,5375
1854,4527
1491,7581
1331,6713
1138,5221
1966,1506
111,8989
1046,4132
1198,8751
500,8876
6,5277
1744,239
70,4251
1924,2519
500,8541
231,366
1567,3266
1943,7254
1446,487
257,8206
64,2978
500,3333
962,568
163,2064
1426,4651
720,654
1371,2897
1405,1761
1796,6051
516,7999
1629,7533
1603,965
202,1380
477,1436
1079,8240
915,7403
1054,4114
1266,8950
1509,2776
1414,3987
341,8421
1756,1984
286,5674
852,7442
1782,6766
1228,970
1627,6330
1149,2335
1929,6498
659,2522
1778,4656
1266,5911
461,8523
1828,5105
1859,5833
145,2630
1476,2800
1545,4380
1943,2899
1329,6088
1303,1732
42,8437
456,848
227,551
1250,6663
954,656
686,3257
1909,4736
674,2918
1097,5865
1601,6965
1284,5330
182,500
1827,5010
1005,3322
1071,1749
380,769
1187,704
1461,8298
1811,4559
251,2742
1908,3308
1737,8134
1554,946
1507,7075
1641,7271
113,2131
732,5455
1004,2713
1173,6547
450,3967
568,3474
822,348
522,2077
1772,3264
807,1347
891,6599
1289,8192
664,4908
350,3319
1001,4307
900,6121
358,438
341,6309
245,153
1261,2231
274,5408
26,2623
1410,7451
329,5853
1603,3131
1846,5771
244,1114
21,4559
621,1029
184,7034
780,8333
476,6257
1971,2491
1742,1796
1394,3096
1780,2012
304,7615
193,7504
811,1571
373,4030
250,6214
896,8340
972,8465
800,3220
1179,5140
1106,2972
370,1920
894,4221
1294,7640
1072,1678
1521,7897
92,8224
395,4174
466,4908
608,3017
1071,3
1751,3580
294,2831
1569,2889
80,6722
1209,1018
1145,3000
570,5030
1832,403
1326,914
1063,3824
1046,6831
1078,4338
817,5799
1356,1584
513,626
883,2030
633,4241
515,6838
1450,4540
724,4270
376,7941
217,2222
595,8675
1169,973
1220,8004
913,956
1832,6934
778,32
1790,8053
1401,5994
1877,1294
720,7324
1416,2175
1015,4256
1523,1743
1637,592
310,8740
677,272
799,1481
1848,8738
512,5225
1012,1705
76,3796
1209,2423
1972,2495
221,4839
1124,6999
388,8212
849,5604
1798,7846
1629,6118
473,4427
1109,6624
251,8916
991,8904
992,4987
1030,7483
1559,2414
718,5437
1060,4965
1368,1777
1290,8339
381,6026
839,1819
1386,6062
1106,7898
40,2551
1491,5140
735,8718
1047,7569
1150,1053
311,5074
1960,7036
645,6799
1387,7965
1431,4429
1910,2246
1119,7611
166,8546
96,5373
621,7354
819,4385
1106,2871
372,6075
52,6319
1895,7141
243,4225
1123,3812
635,8369
103,7900
1302,334
48,2118
548,4788
138,431
780,7363
1728,8081
1032,4095
345,5044
912,8022
200,1709
44,4888
690,629
68,5734
142,1309
1298,3691
132,2662
413,6299
709,8311
248,192
858,6834
691,2543
327,7541
1426,1147
1904,1530
64,7205
1449,7199
1985,8705
1591,983
872,7817
1072,8545
1429,3198
233,1179
532,4830
1975,6324
546,5068
1766,4131
741,3121
454,6147
771,3301
902,4767
1896,5118
201,155
1031,1333
89,8659
1384,2619
444,7702
1885,3818
14,7135
1328,3816
740,648
1369,7348
435,8926
1824,7907
1305,8203
1277,3180
24,8269
1928,8098
384,332
1972,1136
573,8766
544,6356
564,2733
300,1475
1929,4179
202,5198
1519,4525
993,4824
1740,875
236,1434
1707,4370
708,1269
570,4225
1759,2765
616,6874
625,3714
790,3081
1037,6417
1621,1361
913,5921
444,4995
1918,2456
1258,6678
68,7775
336,8914
1952,8949
493,4349
1092,7718
1123,3667
1638,1090
336,8876
1090,7359
780,7797
1068,8229
360,3025
1069,6400
1932,256
464,2008
1495,8259
427,4336
138,5255
464,6898
1509,2425
1116,4789
478,8466
668,545
1148,487
1113,2217
1058,1909
1766,7306
741,292
555,427
966,142
1104,8321
1326,1886
827,613
1157,1260
1259,1663
1169,4941
208,7711
123,6136
1435,2885
19,5296
777,276
590,3202
1921,4513
948,7937
1917,5037
1412,4449
1620,840
1512,2205
1619,8260
1269,4830
1990,6358
469,1108
1328,316
158,5428
1606,1845
1567,8481
660,4475
1646,2376
345,8463
1714,7190
1609,6977
1034,5815
1764,5190
1857,3205
1430,4883
1368,3773
69,6516
1195,3967
574,6708
1752,8080
583,3624
1145,5047
1110,1842
1579,6225
25,674
1762,4257
1772,7447
1454,1797
1274,3294
954,990
864,3299
272,4116
159,1358
1026,4754
1227,7127
1769,6274
1623,3804
1179,5297
1239,3127
1025,4162
1343,5789
1070,4663
207,3398
1240,6253
1876,1812
495,1338
1522,8372
101,5788
199,3230
1142,111
1303,3248
557,8839
1885,6782
556,1096
1158,7887
83,415
363,8128
1435,4721
430,1543
1233,7567
827,7924
1463,693
188,5952
1918,3686
1992,4274
1592,5254
24,4601
553,1212
763,850
415,79
1177,2255
1446,2409
1429,3809
1979,4459
387,6488
371,7032
1215,5289
477,4005
1657,3395
191,7954
414,4569
680,582
1023,4735
282,2759
1498,3256
884,6079
1983,3933
1503,7287
1228,7227
1624,1016
881,5282
825,3794
1776,2073
643,6004
1456,6270
555,1230
1578,3196
1724,7853
1627,6103
1483,7049
420,4980
2000,7545
167,7817
603,1898
1099,7373
959,2155
647,1637
1916,3412
975,4514
1668,4038
1097,920
1100,2421
1776,7369
1493,130
1343,7198
933,6184
883,480
394,1350
1571,1625
547,1510
1361,4719
1415,4441
1241,4613
1683,7483
1182,3698
363,1519
1353,2249
19,5248
1248,1724
1363,2875
1711,8678
79,3358
1246,1405
63,7288
331,5799
1642,7798
492,847
1301,8615
409,6656
1375,720
452,7141
194,7620
1616,6761
1003,5781
1492,4395
1802,1892
1551,3514
623,5209
1137,7762
1211,3352
255,114
663,2778
1221,534
1701,4913
880,7002
1105,3056
1532,1287
1038,4891
9,4000
1746,5160
1155,3570
308,8720
385,1787
1932,6815
1392,5594
869,4168
1559,2210
105,4552
606,5088
1063,1175
1776,8012
255,5646
51,6649
289,295
1446,6633
1586,4385
1525,8216
1476,1940
1313,5350
234,317
1316,7420
957,6092
342,742
347,7648
1375,8661
560,522
1561,544
1457,4799
999,1979
716,2014
1478,5605
1705,1220
1672,6842
938,8695
964,7065
71,1282
677,1458
738,1274
1580,1122
1595,3811
961,881
269,7274
235,895
558,5868
413,2411
201,2901
1591,1788
347,2012
687,1779
1227,2841
924,7580
558,1532
1028,5342
1045,1186
651,2542
716,7797
555,6933
188,768
301,4579
1399,550
425,1454
1806,3116
932,3125
1832,8222
302,2141
1134,3303
658,7191
1382,5817
950,7206
939,5435
269,6727
68,6698
60,237
462,2084
1381,2732
1777,4746
1149,2011
646,379
1254,4527
1490,8833
1321,307
26,3542
1677,4251
832,8518
1266,2382
1906,7502
884,3394
331,8050
854,2746
651,5198
1161,809
1804,7110
1101,1599
321,8239
1360,2533
635,2648
377,8030
222,35
1205,526
1488,8277
1271,4385
616,97
1073,6075
513,5285
1456,2344
1653,6638
1664,6937
1027,4370
1615,1324
1079,3652
566,2883
453,5244
121,7468
249,2226
1525,3694
422,6056
200,7563
279,6894
1599,6441
1457,8332
1840,6623
965,8961
325,3660
1705,6714
612,1713
539,8206
979,6309
106,2338
965,6153
249,4726
1487,5021
11,5210
1205,5901
792,1652
376,8901
709,2614
1346,2808
8,6733
1409,2798
1844,6720
1282,6300
1434,1528
1275,984
410,8383
169,7236
1000,7513
970,1753
215,1512
778,701
352,239
945,2642
1307,2507
541,4728
1760,5311
1216,1821
256,8214
471,8626
264,7421
847,4858
1270,8176
199,4775
1790,6956
1591,8901
73,5107
1599,401
645,125
1062,2774
653,7168
243,3093
608,4188
781,545
1945,8319
222,5637
909,6458
950,5221
1930,1830
719,4802
1575,5762
1184,7728
1997,5652
1661,426
1026,8225
920,4370
1879,6889
413,8953
536,2245
1450,1580
217,3356
1478,7786
313,6860
577,2454
1490,4084
718,1987
1546,5377
250,3541
1092,6559
785,3826
1616,5702
532,1148
743,5442
571,7050
1755,1331
611,1609
1165,6173
300,1404
379,8415
1592,994
900,1170
785,4434
1362,2841
1932,3848
246,7598
688,8554
586,2057
252,3547
1696,2972
811,7770
949,6369
1230,6292
620,4524
710,2508
732,209
1789,7558
860,8701
350,7390
616,6985
87,5096
654,3363
1060,1689
23,3259
1833,1603
1710,8032
1628,4451
1998,8391
1150,913
728,3737
1733,5629
1508,8444
1630,1356
1472,7450
1046,7005
614,191
589,5148
702,362
1512,2101
1440,3347
1046,566
228,758
1691,8338
421,8355
1833,5577
967,5008
967,3206
1806,6606
1053,5440
642,8017
1844,3799
283,1512
554,4323
206,5229
182,1912
735,3744
1872,1951
1013,1193
692,8569
1229,7093
322,4746
276,1254
295,235
1767,3066
372,6548
1611,2457
1612,2119
401,2374
1647,2173
676,4547
1625,1667
1869,2731
1241,2525
1372,8702
647,5392
196,8610
1354,1945
1259,2681
1722,3580
1781,2991
362,3235
916,4087
768,4563
193,785
1564,5235
1556,3764
1999,8587
1786,6169
499,8132
1117,5085
1399,6953
1401,7779
1102,1295
275,4366
312,8444
1897,4297
186,6644
1486,3455
61,3812
324,7712
364,6353
597,2159
1173,4425
1125,1971
35,1441
1462,3871
175,8792
1805,7605
339,6726
834,7395
938,7514
2000,3118
1288,8664
1429,7834
1043,4302
1956,7073
1204,1337
1889,2478
1970,2678
1651,401
1200,5769
1444,8675
1974,7478
1,7493
892,7911
532,5485
266,3601
892,500
1796,206
1691,4221
423,4255
1144,1539
833,3209
1849,2395
1468,5178
1012,2703
1090,3566
44,829
721,15
80,785
1004,6354
1944,6742
1887,3757
846,5005
981,6111
324,4469
1931,3984
1434,7460
719,7976
787,7298
49,8793
520,7761
146,7374
1148,5632
1231,1646
985,6998
1496,2864
340,5862
1843,5320
1876,6573
1184,7867
1053,8568
907,5935
436,1068
1514,8164
1854,751
395,4112
1149,389
1587,4260
442,780
1403,5642
326,8847
435,4442
83,7599
1647,7555
634,3508
213,5797
507,2811
746,4928
1532,6328
440,148
64,1969
1145,6977
554,1142
1916,2012
223,3747
1483,5173
1038,8518
5,1980
1778,7958
1942,3512
679,3799
1536,4633
205,2162
673,2414
1202,7547
1406,7659
746,1735
278,7533
775,4168
1563,1770
699,4690
1364,2510
863,5098
441,6538
1035,7442
745,7229
1611,3091
1240,4801
1064,4575
118,3933
1759,8329
1995,7589
962,5138
1663,3491
1697,8498
245,8596
1239,3662
1152,2197
483,2765
1957,4202
955,3770
42,7946
1004,6723
1085,6735
1623,6396
715,4401
83,3711
1888,3885
1490,1777
1803,7221
1410,837
16,2166
749,7882
1766,3253
313,8028
628,1266
123,1402
1791,4457
1118,135
821,6385
1575,8090
1354,2501
390,6308
365,5748
1837,3026
491,3064
1531,4457
310,6711
982,7997
853,7618
1060,3886
690,7897
343,220
1030,5582
1951,5682
215,6465
1370,4483
127,2072
1553,3249
1229,3795
633,6189
1261,8944
1997,2322
1164,6709
1568,8775
938,3286
1129,7418
481,1970
652,6941
379,4955
848,3636
659,5507
1328,1287
1186,4359
1785,5113
1236,6061
1340,3045
60,5632
1260,2533
616,4441
1491,8757
704,2565
256,6586
1873,8302
1145,6631
1548,6524
1708,1185
902,3928
836,1900
734,7563
1648,6989
134,8187
1415,7225
1859,7313
678,8760
87,5755
762,4396
1609,7332
1071,7220
505,197
624,4272
12,8503
1773,8937
1170,5462
288,6977
439,5205
1071,5200
625,5344
1438,128
1678,1897
1746,4641
150,6511
1287,3148
229,3048
1931,3613
1248,7994
988,6325
538,1367
1285,2081
490,6304
1377,8390
1340,4731
189,6798
690,8371
815,3801
440,4518
1702,604
39,8076
424,4688
528,2827
77,720
267,756
297,774
21,291
167,1653
1015,5637
1277,5219
1687,6130
111,5575
1217,442
42,102
625,746
948,4045
412,245
1853,4075
839,8535
23,3212
193,8981
2000,810
1336,5801
299,7753
597,4705
234,5410
648,7752
319,8751
1084,3866
418,4140
1917,3574
603,7996
1750,2357
1583,6006
279,2538
1644,8856
1489,3084
80,5739
904,7887
154,3534
183,8133
1815,5584
1014,6594
437,1099
1236,4509
1104,1703
1239,3441
445,5064
1634,7953
1369,8360
1510,6836
1253,4362
248,5063
775,8258
140,5301
1358,4849
1082,7687
1662,8533
58,8875
1647,7726
125,635
1352,1126
782,7784
1898,5893
1235,2898
345,4998
1051,1539
1420,8325
961,3577
1076,7821
483,7662
727,3941
1259,2880
1452,4865
371,5102
1594,6163
453,2728
1306,6517
651,3934
1896,6061
902,6915
1817,2651
1158,683
572,1218
278,681
538,6922
722,1172
1063,7881
1289,8162
646,2732
1416,3361
590,7886
1597,4446
284,5492
1147,7699
347,2725
604,2367
1389,3865
977,4330
235,4310
1554,5983
1068,6453
1069,363
1121,7957
1620,730
641,4124
675,4084
431,5711
1561,886
1983,3869
979,3590
980,3956
1636,5893
353,7867
962,8370
1906,995
335,4937
371,2310
1274,1665
1068,2275
1819,5102
163,6615
1219,166
1675,6807
399,6432
1790,8048
1889,7058
488,6089
1279,7018
1784,7837
1667,3440
1433,525
1817,575
50,5043
504,1220
218,3522
630,5813
887,1906
248,5101
338,2031
50,4994
535,4819
1439,5495
1282,3210
288,6510
412,411
1998,54
1367,7846
1026,1384
1741,241
508,6164
1528,1588
753,502
456,4752
626,7590
1028,3264
259,3522
1481,6962
382,7550
409,1343
105,4317
1647,7711
365,2549
59,6430
1536,4704
1677,4083
800,3321
1395,7085
680,4292
1093,3661
1516,2621
1728,8599
1530,4795
653,1022
1079,3023
1884,2951
27,1950
944,8119
1656,1921
150,2336
1392,5957
120,7030
862,1682
1468,3000
682,2425
1992,22
1262,3585
1837,7
243,5498
95,7175
7,6553
1403,3569
422,1365
170,159
1425,4881
61,621
1400,5377
1513,5145
516,1617
988,7728
1240,8602
1866,5772
241,8382
1173,2621
638,4056
1280,8519
651,7060
1921,4818
979,2048
1332,4188
477,2355
822,616
1550,7962
1611,6703
1356,581
1006,4563
1177,340
1624,5177
939,5269
616,64
267,4629
385,3321
37,3662
1351,4973
753,1341
1876,2644
1329,4814
649,5652
814,2695
177,6260
100,8885
1968,285
1980,427
1526,4423
1948,2730
1032,3440
102,1698
1302,4667
398,165
850,8485
1909,2426
224,7850
1832,8540
924,3196
215,6586
259,3532
1454,1546
9,2755
1700,2783
1137,6397
1093,4406
574,1959
1065,4128
1710,2140
1767,6052
1968,130
838,3221
255,8599
391,4438
1574,8912
675,3374
1228,6123
604,5862
1653,4570
581,5933
1710,3060
876,3789
1362,8565
1447,6431
1509,6658
425,6665
1380,6564
668,4327
126,7007
789,7935
1675,3760
1119,37
1177,860
1291,5797
968,4257
302,7909
665,6930
1123,8864
1997,1528
512,4023
46,2910
654,7685
1208,2371
660,5100
1667,4069
1835,7300
856,5307
1303,6758
1452,5508
382,4264
533,4284
338,1319
1779,4984
992,4916
1645,3196
1890,5796
54,5648
1376,1312
1065,4064
1644,1098
300,6198
862,5281
486,3226
1563,5065
1492,5210
322,4248
572,923
780,8069
1184,5138
1385,2107
156,2059
1106,6298
1348,5783
46,3379
471,7433
734,892
1999,1337
582,688
1476,4163
1556,5835
1295,433
312,4742
392,4460
277,7538
536,1606
1200,4755
779,2605
878,1351
540,737
1314,5392
1292,1860
1474,1511
528,42
451,464
994,7688
453,4883
794,5034
1052,451
947,1310
1610,6463
1028,5751
1479,3288
151,2095
1256,2203
1845,4341
352,6094
1302,5986
1236,1307
923,1545
517,8345
1547,5360
1661,4960
1853,3860
1478,7458
378,5844
1319,8501
911,3279
938,2574
617,8332
1875,8303
1264,1872
697,4133
367,6284
1013,4644
1904,4885
720,7959
838,1206
1098,7373
436,6049
936,6958
617,5905
1479,8788
932,5627
851,2709
617,1625
667,4024
2,1259
1748,119
1997,5211
1838,4419
1677,5273
1707,637
670,490
1492,2569
1350,4016
1026,7883
650,3886
1933,5997
833,3331
470,6444
1794,7407
1768,8198
574,6726
1207,5811
765,2543
233,2945
840,1091
31,1404
310,3616
318,8346
1923,4104
700,8846
1969,5325
237,665
1578,7012
1709,3411
425,6345
1724,1572
832,1758
841,3845
1911,545
355,8440
251,8246
1816,3310
725,5496
1748,4057
1883,1378
1378,3980
93,5170
597,5232
1422,6117
1197,2826
1576,2562
1839,7892
1953,3796
1360,8863
1832,5893
196,6157
689,6965
1741,8803
1982,1228
1300,8407
184,821
121,103
592,8075
1040,6789
1934,589
1125,7728
1311,2215
1644,3353
1449,640
794,1425
357,3209
1659,2743
879,4195
318,1653
21,6448
503,6035
1984,258
1663,3870
1454,7851
717,2215
985,4296
370,4024
27,4277
1169,6253
1980,4954
235,7973
1054,5443
538,1831
613,2086
1499,4419
303,808
1080,1218
283,7257
269,424
1518,7394
602,2902
1772,4015
491,132
261,4019
1569,361
1425,1442
1630,5809
1003,3249
684,494
1083,2647
1103,3353
831,4537
1795,1812
942,888
1418,2022
485,927
1513,8282
1802,676
327,2120
484,6042
62,1205
1142,5988
1567,1075
666,953
1317,7162
1531,8537
865,7066
827,4830
1829,5017
870,6720
6,7212
816,1485
1499,4575
430,1955
234,7167
316,4661
771,5962
1985,3097
1841,5252
381,6742
1180,4977
1835,5344
455,5365
192,2124
1212,3670
627,5422
572,7549
271,821
1421,2791
499,1120
95,3091
718,215
1664,2748
1144,8405
164,8665
689,4064
1365,4936
1829,5216
252,2427
850,2474
256,2006
700,3979
1033,2042
1878,6808
1205,1275
27,3617
1173,6359
1744,1408
62,8893
680,7291
38,6542
1339,7542
1795,2919
211,3534
1757,7111
1539,3132
1307,1985
21,8075
386,2162
1320,8666
1046,3072
1076,4404
781,124
1384,3484
1731,1162
1133,9000
1865,409
1128,7244
204,3419
1189,6862
23,504
18,850
1463,3048
231,5930
283,4097
1131,6128
1442,7453
559,8165
1875,3019
341,8319
341,8353
995,6276
740,417
1263,7104
478,2561
1336,8137
1205,2988
250,7599
1460,4046
1163,2783
774,4279
1198,8857
204,4024
1044,391
112,913
966,2183
1245,7106
1930,1004
489,702
926,2369
831,8056
223,7801
1907,460
667,2137
99,19
464,5280
1478,6631
1488,3104
1078,248
883,6200
198,8596
647,7841
1113,4566
1707,8334
558,1290
574,5106
557,3570
1645,4451
312,4661
266,5802
1171,7822
1466,3428
1718,4770
1005,8687
676,8121
822,1854
1114,7253
798,1518
1627,5370
186,3867
1356,3052
360,6673
810,2545
1826,3480
1806,6206
1719,227
479,8862
1766,3696
525,5691
1265,1364
294,1436
1790,3085
1918,2103
50,945
239,6741
269,3232
243,5256
892,6387
337,6793
61,5349
1664,4631
941,569
517,7082
696,5192
1617,5087
93,6050
1017,2776
313,7068
1517,3905
22,4684
1686,6775
643,3944
1153,5268
1162,1842
737,4384
1009,3336
1469,2826
1682,2712
1559,1373
1942,7322
140,2166
1318,4436
511,7474
1355,4531
275,4578
15,3190
1726,275
427,7008
261,639
1130,3509
351,4836
487,3371
585,1628
225,6058
1088,1948
446,2064
1135,702
1877,1261
688,3354
3,1765
786,8016
1224,8950
1422,3549
247,8147
1601,4231
1663,8706
420,5546
740,1049
742,1955
672,7737
1332,254
1585,7285
1955,3337
280,4945
796,2448
807,3084
1179,3263
473,2304
1574,6700
222,8718
1463,6050
197,6855
1158,5602
687,4390
1636,1326
1848,3833
1460,8597
1405,6155
1468,3313
1379,4804
1904,221
1908,357
260,4579
1764,261
1529,2485
1892,6131
1041,7163
1286,6551
435,7745
1440,8017
1634,3745
735,4730
1929,5715
202,6123
1794,7428
275,8345
1107,7306
1032,6037
1855,8058
750,8470
1463,5175
223,1647
1542,8562
705,7318
1612,6237
1386,2946
1804,6553
1655,3869
376,1809
1706,5216
95,794
21,4362
515,4114
621,5396
1609,2768
239,3212
1829,4426
865,3832
174,5092
762,5456
1842,7758
927,5366
411,2194
472,3781
1890,7588
1558,5688
1226,4511
307,3170
64,2120
960,5800
1817,7809
1758,7689
96,6406
1279,4276
704,7825
1360,2229
781,770
413,203
445,160
408,3044
1897,5546
840,4539
28,703
1972,8003
151,7177
839,8084
1721,412
738,6314
147,641
153,456
1151,5083
16,8497
600,1794
76,7434
1817,5751
1622,8089
52,1607
1141,5890
1706,1743
1350,448
470,3911
910,8641
1283,5062
1524,8942
1478,670
778,8847
950,5735
1641,5563
1350,7779
1716,654
210,6945
1840,7034
1903,1119
1713,2659
1140,2568
793,7938
1758,1592
1939,3887
1950,5032
859,2200
1406,8992
1158,8104
1389,1658
274,7834
1884,8984
1224,7373
206,7321
36,7263
527,6340
1894,582
1984,8348
1408,4969
1709,4397
1546,2365
186,2638
1675,645
1832,5629
